{
  "condition": "minecraft:any_of",
  "terms": [
    {
      "condition": "minecraft:location_check",
      "predicate": {
        "block": {
          "blocks": [
            "minecraft:lightning_rod"
          ],
          "state": {
            "facing": "west"
          }
        }
      }
    },
    {
      "condition": "minecraft:location_check",
      "predicate": {
        "block": {
          "blocks": [
            "minecraft:lightning_rod"
          ],
          "state": {
            "facing": "east"
          }
        }
      }
    }
  ]
}