{
  "condition": "minecraft:any_of",
  "terms": [
    {
      "condition": "minecraft:location_check",
      "predicate": {
        "block": {
          "blocks": [
            "minecraft:lightning_rod"
          ],
          "state": {
            "facing": "south"
          }
        }
      }
    },
    {
      "condition": "minecraft:location_check",
      "predicate": {
        "block": {
          "blocks": [
            "minecraft:lightning_rod"
          ],
          "state": {
            "facing": "north"
          }
        }
      }
    },
    {
      "condition": "minecraft:location_check",
      "predicate": {
        "block": {
          "blocks": [
            "minecraft:waxed_cut_copper"
          ]
        }
      }
    },
    {
      "condition": "minecraft:location_check",
      "predicate": {
        "block": {
          "blocks": [
            "minecraft:red_glazed_terracotta"
          ]
        }
      }
    }
  ]
}